软件,描述,官网地址,下载渠道,包管理
傲梅分区助手,好用的硬盘管理工具,[官网地址](https://www.disktool.cn),[下载渠道](https://www.423down.com/5969.html),
图吧工具箱,最纯净的硬件工具箱,[官网地址](http://www.tbtool.cn/index.html),,
鲁大师,下载都是来跑个分,[官网地址](https://www.ludashi.com/page/pc.php),[下载渠道](https://www.423down.com/3732.html),
360 驱动大师,驱动精灵 驱动人生广告太多了,[官网地址](https://weishi.360.cn/qudongdashi/index.html),[下载渠道](https://www.423down.com/9157.html),
HWiNFO,功能很齐全的硬件规格监测工具,[官网地址](https://www.hwinfo.com),,
AIDA64,全球 No.1 的硬件识别,[官网地址](https://www.aida64.com),[下载渠道](https://www.423down.com/887.html),
Samsung Magician,三星固态硬盘管理工具,[官网地址](https://www.samsung.com/semiconductor/minisite/ssd/product/consumer/magician/),[下载渠道](https://semiconductor.samsung.com/consumer-storage/support/tools/),
WDC Dashboard,西数固态硬盘管理工具,[官网地址](https://support-en.wd.com/app/products/product-detailweb/p/1457#WD_downloads),[下载渠道](https://wddashboarddownloads.wdc.com/wdDashboard/DashboardSetup.exe),
罗技 Logi Options+,罗技管理软件,[驱动地址](https://www.logitech.com.cn/zh-cn/software/logi-options-plus.html),[离线安装](https://prosupport.logi.com/hc/zh-cn/articles/10991109278871),
